pooled_label,our_area,modha_node,match_type,modha_full_name,tuning_PctDirectional,tuning_PctComplex,tuning_PctResponsive,tuning_MeanTuningStrength,tuning_NChannels,decode_visual,decode_planning,decode_execution,planexec_PctPlanOnly,planexec_PctExecOnly,planexec_NChannels,notes
APUL,Anterior Pulvinar,Pul.o,leaf_exact,Nucleus pulvinaris oralis thalami,14.666666666666666,0.33333333333333337,56.99999999999999,0.16574461239173777,300.0,0.15716620284477428,0.15140460729746444,0.21167377860235,20.0,50.0,180.0,oralis = anterior pulvinar
AREAS_1-2,S1 [BA1-2],1#1;2#1,leaf_split,Area 1; Area 2,9.703947368421053,5.098684210526316,54.60526315789473,0.17791350534865652,608.0,0.15542518143621087,0.14368266435362023,0.16472792526101349,47.05882352941177,80.85106382978724,464.0,
AREA_23,PCC [BA23C],23,leaf_exact,Area 23,4.84375,5.46875,38.90625,0.12382709411819688,640.0,0.14875532725559387,0.15150193276526375,0.17776878562938817,58.8235294117647,75.0,520.0,
AREA_29,BA29,29,leaf_exact,Area 29,11.25,3.75,81.25,0.2559687398409223,80.0,,,,33.333333333333336,75.0,60.0,
AREA_5D,PE [BA5],PEm,leaf_mechanical_aggregate,Rostral superior parietal lobule,10.185185185185185,0.0,95.37037037037037,0.27697191947901767,108.0,0.12744086270871985,0.11423353432282002,0.1521045918367347,,,,PE#1/PE#2 merged into PEm
CD,,,,,3.75,1.25,28.749999999999996,0.1262261377102991,80.0,,,,,,,"EXCLUDED: pooled FullName is ""Ventricle or Caudate"" -- ambiguous, not a clean region"
CL-PC,CL-pc Thalamus,Cl#2,leaf_exact,Nucleus centralis lateralis thalami,35.0,8.75,93.75,0.2833052225110719,80.0,0.2512468434343434,0.2184185606060606,0.2929608585858586,13.333333333333334,53.57142857142857,80.0,FALSE FRIEND: not CL#4 (auditory belt cortex)
CM,central medial thalamus (CM),C#4,leaf_mechanical_aggregate,Nucleus centralis thalami,5.0,0.0,65.0,0.43384660822680293,20.0,,,,,,,"distinct from CMN-PF/CM-pf -- new crosswalk row, see below"
CMN-PF,CM-pf Thalamus,CM#2,leaf_exact,nucleus centrum medianum (thalamus),21.666666666666668,3.3333333333333335,71.66666666666667,0.222325870360499,60.0,0.22105429292929296,0.22683080808080808,0.24517045454545455,15.384615384615385,8.333333333333334,60.0,
F,Fornix,,gap_excluded,,35.869565217391305,21.195652173913043,91.30434782608695,0.2531287381256159,184.0,0.26836092623647645,0.23448006556498854,0.2676407157996483,12.5,37.07865168539326,164.0,"white matter tract, not a placement target"
FUNDUS_IPS,VIP,VIP,leaf_exact,Ventral intraparietal area,7.5892857142857135,0.8928571428571428,72.32142857142857,0.17661135698978955,224.0,0.14214162028447744,0.11552473716759432,0.154508658008658,66.66666666666667,83.33333333333333,160.0,
HB,Habenula,Tha,coarse_anchor,thalamus (coarse box),18.0,7.333333333333333,73.33333333333333,0.18088434151293853,600.0,0.18582341516026807,0.18588664363397595,0.21115273209430507,42.361111111111114,44.29530201342282,500.0,"NO tracer data at any level; anchored to Tha box, must be visually flagged as coarse"
LPUL,Lateral Pulvinar,PL#3,leaf_exact,Nucleus pulvinaris lateralis thalami,15.625,3.125,65.0,0.1631463043486391,320.0,0.19214594928880646,0.16117888064316635,0.1942833951762523,38.70967741935484,56.81818181818182,240.0,
MD,MD Thalamus,MD,leaf_exact,Nucleus medialis dorsalis thalami,32.30769230769231,10.384615384615385,90.57692307692308,0.28987434484437463,520.0,0.25124596240150165,0.2181898953638682,0.30020262101149847,35.55555555555556,52.459016393442624,500.0,
MG,Medial Geniculate,MG,leaf_exact,Corpus geniculatum mediale,14.285714285714285,5.0,59.285714285714285,0.17331043279717756,280.0,0.19538930117501543,0.1898313234384663,0.19533116883116886,52.83018867924528,28.571428571428573,140.0,
MRT,mesencephalic reticular formation,,gap_unplaced,,49.28571428571429,8.571428571428571,99.28571428571429,0.23341812673964718,140.0,0.32011843397152673,0.3190875061364752,0.281710235640648,24.63768115942029,13.333333333333334,140.0,"zero explicit SI mention, low N, not placed"
PCR,Posterior Commisure (PCR),,gap_unplaced,,5.0,2.5,45.0,0.2980077596443947,40.0,,,,,,,"zero SI mentions, low N, not placed"
PEA,PEa [BA5],MIP,leaf_mechanical_aggregate,Medial intraparietal area,3.75,1.25,55.00000000000001,0.12967753831085088,80.0,,,,,,,PEa merged into MIP
SC,SC,MB#2,coarse_merged,Mid Brain,40.806451612903224,8.870967741935484,90.96774193548387,0.2703168960593222,620.0,0.211155573991546,0.22303333939011405,0.2323330081798418,25.675675675675677,54.356846473029044,620.0,"SC merged into MB#2 bracket list, no own vertex"
SG,Suprageniculate,SG,leaf_exact,Nucleus suprageniculatus thalami,25.71428571428571,10.0,80.0,0.1985394395690599,140.0,0.21817602040816325,0.22269828385899818,0.22756841372912806,52.83018867924528,28.571428571428573,140.0,
SN,SN,SN,leaf_exact,substantia nigra,10.0,0.0,85.0,0.32635140406715213,20.0,,,,,,,
SPFC,Suprafascicular Nucleus,,gap_unplaced,,5.0,0.0,65.0,0.3515294122987366,20.0,,,,,,,"zero SI mentions, low N, not placed"
TAIL,Caudate (tail),Cd t,leaf_exact,Nucleus caudatus; tail,3.75,1.25,28.749999999999996,0.1262261377102991,80.0,,,,,,,
VPI,VPI Thalamus,VPI,leaf_exact,Nucleus ventralis posterior inferior thalami,3.75,1.25,83.75,0.33235032202556136,80.0,,,,,,,
VPM-VPL,VPM-VPL Thalamus,VPM;VPL,leaf_split,Nucleus ventralis posterior medialis; VPL,7.142857142857142,0.7142857142857143,69.28571428571428,0.23855509488656793,140.0,,,,52.94117647058823,38.46153846153846,140.0,
ZI,ZI,Sub.Th,leaf_mechanical_aggregate,Nucleus subthalamic,10.0,0.0,85.0,0.32635140406715213,20.0,,,,,,,ZI merged into Sub.Th
